                  epoch,         train/box_loss,         train/cls_loss,         train/dfl_loss,   metrics/precision(B),      metrics/recall(B),       metrics/mAP50(B),    metrics/mAP50-95(B),           val/box_loss,           val/cls_loss,           val/dfl_loss,                 lr/pg0,                 lr/pg1,                 lr/pg2
                      1,                0.35643,                 1.0689,                 1.6208,                0.99358,                0.89521,                0.90185,                 0.8397,                0.35953,                0.88729,                 1.5678,             0.00010002,             0.00010002,             0.00010002
                      2,                0.32071,                0.80269,                 1.5742,                0.84846,                    0.9,                0.91071,                0.88058,                0.35479,                0.67049,                 1.5626,             0.00021564,             0.00021564,             0.00021564
                      3,                0.35213,                0.76364,                 1.5996,                0.95433,                    0.8,                  0.925,                0.86544,                0.35977,                0.57537,                 1.5417,              0.0003301,              0.0003301,              0.0003301
                      4,                0.33936,                0.66678,                 1.6099,                0.98662,                 0.7896,                0.90214,                0.84416,                0.36735,                  0.547,                  1.529,             0.00044341,             0.00044341,             0.00044341
                      5,                0.34549,                0.67189,                 1.6279,                0.78838,                    0.9,                0.80795,                0.75655,                0.37423,                0.51991,                 1.5093,             0.00055556,             0.00055556,             0.00055556
                      6,                0.34002,                0.60414,                 1.6652,                0.81409,                0.89467,                0.80795,                 0.7526,                0.37159,                0.50456,                 1.4861,             0.00066655,             0.00066655,             0.00066655
                      7,                 0.3803,                0.57527,                 1.6785,                0.80889,                    0.9,                0.90045,                0.84558,                0.36238,                0.46808,                  1.494,              0.0007764,              0.0007764,              0.0007764
                      8,                0.35729,                0.55212,                  1.643,                0.84831,                    0.9,                0.91667,                0.85862,                0.37174,                0.44835,                 1.4994,             0.00088508,             0.00088508,             0.00088508
                      9,                0.35883,                0.52981,                  1.678,                0.86753,                    0.9,                0.92045,                0.86707,                0.37305,                0.43027,                 1.4947,             0.00099261,             0.00099261,             0.00099261
                     10,                0.35831,                0.50762,                 1.6439,                0.87901,                0.88805,                  0.925,                0.86387,                 0.3674,                0.39814,                 1.4941,               0.001099,               0.001099,               0.001099
                     11,                0.40944,                 0.5844,                 1.6203,                0.87034,                    0.9,                  0.925,                0.85846,                0.38797,                0.37658,                  1.503,              0.0012042,              0.0012042,              0.0012042
                     12,                0.36303,                0.52298,                 1.6135,                0.98711,                    0.9,                0.94045,                0.88698,                 0.4012,                0.40051,                 1.5192,              0.0013083,              0.0013083,              0.0013083
                     13,                0.42186,                0.58418,                 1.7034,                0.98298,                    0.9,                0.93667,                0.88764,                  0.389,                0.41185,                  1.523,              0.0014112,              0.0014112,              0.0014112
                     14,                  0.378,                0.53155,                 1.6476,                0.97357,                    0.9,                0.93667,                0.87828,                 0.3976,                0.43266,                 1.5256,              0.0015129,              0.0015129,              0.0015129
                     15,                0.38362,                0.53046,                 1.7227,                0.97707,                    0.9,                0.93346,                0.85797,                 0.4093,                0.42399,                 1.5979,              0.0015515,              0.0015515,              0.0015515
                     16,                0.40139,                0.59104,                 1.8146,                 0.8785,                    0.9,                0.88132,                0.82127,                0.37687,                0.44889,                 1.5755,              0.0015432,              0.0015432,              0.0015432
                     17,                0.37309,                 0.5127,                 1.6888,                0.87748,                    0.9,                0.84328,                0.78707,                0.39251,                0.45749,                  1.565,               0.001535,               0.001535,               0.001535
                     18,                0.36056,                0.48143,                  1.539,                0.87721,                    0.9,                0.85396,                0.78768,                0.41987,                0.44655,                 1.5968,              0.0015267,              0.0015267,              0.0015267
                     19,                 0.4084,                 0.5171,                 1.7143,                0.76605,                    0.9,                 0.8906,                0.82795,                0.41366,                0.43992,                 1.6144,              0.0015185,              0.0015185,              0.0015185
                     20,                0.40605,                0.51633,                 1.6533,                0.81961,                    0.9,                0.91113,                0.83437,                0.44988,                0.45304,                 1.5931,              0.0015102,              0.0015102,              0.0015102
                     21,                0.37605,                0.44737,                 1.5758,                0.80852,                    0.9,                0.87278,                0.80549,                0.45472,                 0.4593,                 1.5706,               0.001502,               0.001502,               0.001502
                     22,                0.42057,                0.52627,                   1.78,                  0.951,                    0.8,                0.86924,                0.80213,                0.44786,                0.45648,                 1.5408,              0.0014937,              0.0014937,              0.0014937
                     23,                0.32368,                0.48075,                  1.475,                0.98444,                 0.8956,                 0.8991,                0.82439,                0.45918,                0.47645,                 1.5581,              0.0014855,              0.0014855,              0.0014855
                     24,                 0.4105,                0.53551,                 1.7028,                0.97181,                    0.9,                0.89641,                0.82026,                0.46921,                0.50469,                 1.5539,              0.0014772,              0.0014772,              0.0014772
                     25,                0.42844,                0.50176,                 1.7372,                 0.9893,                0.89783,                0.89647,                0.81959,                0.46047,                 0.4948,                 1.5231,               0.001469,               0.001469,               0.001469
                     26,                0.41805,                0.51123,                 1.6794,                0.99425,                0.87385,                0.90542,                 0.8372,                0.43027,                0.43484,                 1.5215,              0.0014607,              0.0014607,              0.0014607
                     27,                0.38561,                0.55125,                 1.6797,                0.93455,                    0.9,                0.91063,                0.85026,                0.38258,                0.43988,                 1.5208,              0.0014525,              0.0014525,              0.0014525
                     28,                0.37766,                 0.4903,                 1.5868,                0.96634,                    0.9,                0.90088,                0.83868,                 0.3804,                0.42686,                 1.5994,              0.0014442,              0.0014442,              0.0014442
                     29,                0.36955,                0.47464,                 1.5886,                0.97652,                    0.9,                0.91286,                0.84935,                0.37997,                0.41307,                 1.6125,               0.001436,               0.001436,               0.001436
                     30,                0.37408,                0.46836,                 1.6049,                0.98205,                    0.9,                0.93071,                0.86514,                 0.3876,                0.38962,                 1.5467,              0.0014277,              0.0014277,              0.0014277
                     31,                0.39788,                0.49736,                 1.7537,                0.98545,                    0.9,                0.94045,                0.86957,                0.39661,                0.35943,                 1.5238,              0.0014195,              0.0014195,              0.0014195
                     32,                0.42087,                0.48059,                 1.7528,                 0.9857,                    0.9,                  0.945,                0.87597,                0.40791,                0.35921,                 1.5204,              0.0014112,              0.0014112,              0.0014112
                     33,                0.42119,                0.49201,                 1.7344,                0.98681,                    0.9,                  0.945,                 0.8768,                0.42984,                0.36027,                 1.5438,              0.0014029,              0.0014029,              0.0014029
                     34,                0.39165,                0.48673,                 1.6551,                0.99153,                0.88382,                0.94045,                0.86492,                0.44511,                0.37187,                 1.5466,              0.0013947,              0.0013947,              0.0013947
                     35,                0.34896,                0.49464,                 1.5751,                0.97801,                    0.8,                0.90333,                0.83202,                0.43899,                0.38157,                 1.5056,              0.0013864,              0.0013864,              0.0013864
                     36,                0.38819,                0.53759,                 1.7264,                0.98123,                0.88368,                0.93667,                 0.8527,                 0.4258,                 0.3982,                 1.4684,              0.0013782,              0.0013782,              0.0013782
                     37,                0.38283,                0.48389,                 1.6356,                0.98223,                0.88952,                0.94045,                0.87493,                0.41152,                 0.3888,                  1.458,              0.0013699,              0.0013699,              0.0013699
                     38,                0.35645,                0.48094,                 1.6213,                0.96892,                    0.9,                0.97833,                0.90159,                0.42631,                0.36466,                 1.4793,              0.0013617,              0.0013617,              0.0013617
                     39,                0.37313,                0.46591,                  1.598,                0.88582,                      1,                0.97833,                0.90751,                0.40032,                0.34435,                 1.4804,              0.0013534,              0.0013534,              0.0013534
                     40,                0.36019,                0.45162,                 1.6137,                0.98693,                 0.8746,                0.96643,                0.89531,                0.40202,                0.34572,                 1.4794,              0.0013452,              0.0013452,              0.0013452
                     41,                0.41717,                0.51238,                 1.7152,                0.81896,                      1,                0.94643,                0.86629,                0.39489,                0.35825,                 1.5003,              0.0013369,              0.0013369,              0.0013369
                     42,                0.38647,                0.49013,                 1.6988,                0.82666,                      1,                0.92643,                0.85057,                0.41228,                0.36701,                 1.5373,              0.0013287,              0.0013287,              0.0013287
                     43,                0.37921,                 0.4496,                 1.6745,                0.81817,                      1,                0.92643,                0.82808,                0.41447,                0.34145,                 1.5264,              0.0013204,              0.0013204,              0.0013204
                     44,                0.37898,                0.45343,                 1.6643,                0.89263,                   0.99,                0.97833,                0.87117,                0.40117,                0.34532,                  1.504,              0.0013122,              0.0013122,              0.0013122
                     45,                0.38426,                0.46475,                 1.6549,                0.89187,                0.98273,                0.97833,                0.87454,                0.39996,                0.35059,                 1.5013,              0.0013039,              0.0013039,              0.0013039
                     46,                0.39445,                0.51994,                 1.7228,                0.96495,                    0.9,                0.97833,                0.86164,                0.40365,                0.36699,                 1.4783,              0.0012957,              0.0012957,              0.0012957
                     47,                0.37166,                0.43123,                 1.6648,                0.87546,                      1,                0.97833,                0.87072,                0.40083,                0.39582,                 1.5043,              0.0012874,              0.0012874,              0.0012874
                     48,                0.36586,                0.43229,                  1.607,                 0.8246,                      1,                0.86348,                0.78987,                0.40649,                0.42018,                 1.5398,              0.0012792,              0.0012792,              0.0012792
                     49,                0.35445,                0.46428,                  1.649,                0.83287,                      1,                0.86348,                0.78165,                0.42472,                0.43155,                 1.5535,              0.0012709,              0.0012709,              0.0012709
                     50,                0.35541,                0.44917,                 1.5906,                0.83354,                0.97947,                0.90643,                0.80118,                0.43786,                0.42017,                 1.5516,              0.0012627,              0.0012627,              0.0012627
                     51,                0.36156,                0.46132,                 1.7821,                0.79002,                      1,                  0.845,                0.76675,                0.44166,                0.41864,                  1.515,              0.0012544,              0.0012544,              0.0012544
                     52,                0.38704,                0.49507,                 1.6469,                0.85837,                      1,                0.92833,                0.84168,                0.41565,                 0.3921,                 1.5154,              0.0012462,              0.0012462,              0.0012462
                     53,                0.40706,                0.48507,                 1.8747,                0.82517,                      1,                0.88071,                0.79984,                0.42325,                0.38742,                 1.5113,              0.0012379,              0.0012379,              0.0012379
                     54,                0.40861,                0.49273,                 1.7817,                0.83011,                      1,                0.90929,                0.82729,                0.41213,                0.38596,                 1.5044,              0.0012297,              0.0012297,              0.0012297
                     55,                0.37192,                 0.4535,                 1.6111,                0.83604,                0.99287,                0.92643,                0.83998,                0.42984,                0.40563,                 1.5149,              0.0012214,              0.0012214,              0.0012214
                     56,                0.37707,                0.41832,                 1.5575,                0.87032,                    0.9,                0.95056,                0.87101,                 0.4135,                0.39057,                 1.4823,              0.0012132,              0.0012132,              0.0012132
                     57,                0.37318,                0.48631,                 1.5987,                0.98096,                0.87868,                  0.945,                0.85231,                0.41644,                0.38816,                 1.4692,              0.0012049,              0.0012049,              0.0012049
                     58,                 0.3338,                0.43757,                 1.6336,                0.97014,                    0.8,                0.91667,                0.83454,                0.42654,                0.40462,                 1.4908,              0.0011967,              0.0011967,              0.0011967
                     59,                 0.3402,                0.45408,                 1.6015,                0.98432,                0.89277,                0.91352,                0.83455,                0.45368,                0.39323,                  1.497,              0.0011884,              0.0011884,              0.0011884
                     60,                 0.3427,                0.42664,                 1.5481,                0.98708,                    0.9,                0.90564,                0.82255,                0.42643,                0.38755,                 1.5224,              0.0011802,              0.0011802,              0.0011802
                     61,                0.36111,                0.45777,                 1.6673,                0.98582,                    0.9,                0.91113,                0.82681,                 0.4252,                 0.3771,                 1.5311,              0.0011719,              0.0011719,              0.0011719
                     62,                0.36031,                0.44873,                 1.6686,                0.98494,                    0.9,                0.93071,                0.84371,                0.42796,                0.36556,                 1.5144,              0.0011636,              0.0011636,              0.0011636
                     63,                0.36523,                0.44926,                 1.7292,                0.97875,                    0.8,                0.92045,                0.85744,                 0.4019,                0.35094,                 1.4877,              0.0011554,              0.0011554,              0.0011554
                     64,                0.37407,                0.48235,                 1.6639,                0.97578,                    0.8,                0.91167,                0.84954,                0.38746,                0.35579,                   1.46,              0.0011471,              0.0011471,              0.0011471
                     65,                0.38178,                0.45364,                 1.5667,                0.97689,                    0.8,                0.91722,                0.84941,                 0.4059,                0.35858,                 1.4558,              0.0011389,              0.0011389,              0.0011389
                     66,                0.35958,                0.42532,                 1.5767,                0.98691,                    0.8,                   0.92,                0.86032,                0.41107,                0.36376,                 1.4703,              0.0011306,              0.0011306,              0.0011306
                     67,                0.38489,                0.44857,                 1.5924,                 0.7838,                0.98193,                0.84562,                0.77883,                0.42367,                0.41867,                 1.4955,              0.0011224,              0.0011224,              0.0011224
                     68,                0.40154,                0.42354,                 1.6057,                0.78631,                0.99637,                0.84562,                0.78879,                0.40378,                0.43914,                 1.4724,              0.0011141,              0.0011141,              0.0011141
                     69,                0.39862,                0.46911,                 1.6544,                0.78135,                0.97222,                0.84562,                0.78688,                 0.4015,                0.44782,                 1.4651,              0.0011059,              0.0011059,              0.0011059
                     70,                0.33723,                0.48114,                 1.5401,                0.74942,                0.98668,                0.84285,                0.77936,                0.42779,                0.44272,                 1.5008,              0.0010976,              0.0010976,              0.0010976
                     71,                 0.3709,                0.45178,                 1.5921,                0.81712,                    0.9,                0.82896,                 0.7515,                0.43672,                0.43498,                 1.5267,              0.0010894,              0.0010894,              0.0010894
                     72,                0.39547,                0.47696,                  1.612,                0.81927,                    0.9,                0.82896,                 0.7607,                0.42756,                0.41939,                 1.5179,              0.0010811,              0.0010811,              0.0010811
                     73,                0.39147,                0.45175,                  1.594,                0.81688,                    0.9,                0.85333,                0.79473,                 0.4171,                0.41155,                 1.5144,              0.0010729,              0.0010729,              0.0010729
                     74,                0.36279,                0.48533,                 1.6873,                0.87981,                    0.9,                0.91667,                 0.8524,                0.40505,                 0.3867,                 1.5002,              0.0010646,              0.0010646,              0.0010646
                     75,                 0.3713,                0.48894,                 1.6227,                 0.9811,                    0.9,                0.93346,                0.86385,                0.40146,                 0.3592,                 1.4762,              0.0010564,              0.0010564,              0.0010564
                     76,                0.33069,                0.41759,                 1.6256,                0.97855,                    0.9,                0.93346,                0.85689,                0.39509,                0.35679,                 1.4946,              0.0010481,              0.0010481,              0.0010481
                     77,                0.33508,                0.40044,                 1.5821,                 0.9792,                    0.9,                0.92833,                0.85966,                0.37511,                0.36526,                 1.5093,              0.0010399,              0.0010399,              0.0010399
                     78,                0.31214,                 0.4119,                 1.5435,                 0.9867,                    0.9,                   0.92,                0.85816,                0.38812,                0.36868,                 1.5235,              0.0010316,              0.0010316,              0.0010316
                     79,                0.39096,                0.46509,                 1.7761,                0.98933,                0.87922,                 0.9072,                 0.8477,                0.37687,                0.36521,                 1.5369,              0.0010234,              0.0010234,              0.0010234
                     80,                0.38048,                0.44052,                 1.6771,                0.99019,                0.88202,                 0.8992,                0.84057,                0.37719,                 0.3878,                 1.5623,              0.0010151,              0.0010151,              0.0010151
                     81,                0.34933,                0.45812,                 1.6685,                0.99228,                0.88019,                0.89904,                0.84352,                0.37691,                0.41115,                  1.564,              0.0010069,              0.0010069,              0.0010069
                     82,                0.37261,                0.48003,                 1.5966,                0.88166,                    0.9,                 0.8785,                0.82176,                0.39406,                0.43243,                 1.5376,             0.00099862,             0.00099862,             0.00099862
                     83,                0.36703,                 0.4133,                 1.5455,                 0.9886,                    0.9,                0.90782,                0.84336,                0.41361,                0.40357,                 1.5033,             0.00099036,             0.00099036,             0.00099036
                     84,                0.33469,                0.41183,                 1.5025,                0.85336,                    0.9,                0.89167,                 0.8016,                0.44197,                0.41558,                 1.5146,             0.00098211,             0.00098211,             0.00098211
                     85,                0.36236,                0.43926,                 1.6499,                0.96504,                    0.8,                0.89113,                0.79618,                0.44107,                0.42181,                 1.5105,             0.00097386,             0.00097386,             0.00097386
                     86,                0.35994,                0.46283,                  1.732,                0.96135,                    0.8,                0.88971,                0.78451,                0.44394,                0.45209,                 1.5122,             0.00096561,             0.00096561,             0.00096561
                     87,                0.36804,                0.48116,                 1.7989,                0.87494,                    0.9,                0.88971,                0.78482,                 0.4323,                0.50104,                 1.5056,             0.00095736,             0.00095736,             0.00095736
                     88,                0.33183,                0.42912,                 1.6867,                0.81141,                    0.9,                0.83633,                0.78487,                0.41682,                0.50592,                 1.5005,             0.00094911,             0.00094911,             0.00094911
                     89,                0.36368,                0.41898,                 1.6848,                0.81656,                    0.9,                0.83823,                0.78133,                0.40848,                0.49763,                 1.5131,             0.00094085,             0.00094085,             0.00094085
                     90,                0.34768,                0.43422,                 1.6614,                0.88972,                    0.9,                0.92833,                0.86326,                0.40496,                0.42908,                 1.5302,              0.0009326,              0.0009326,              0.0009326
                     91,                0.37437,                0.42922,                 1.5699,                0.97415,                    0.9,                0.92833,                0.86632,                0.41303,                0.38891,                 1.5552,             0.00092435,             0.00092435,             0.00092435
                     92,                0.33569,                0.39795,                 1.6507,                0.86762,                    0.9,                0.90833,                0.84781,                0.41037,                0.38539,                 1.5583,              0.0009161,              0.0009161,              0.0009161
                     93,                0.35967,                0.45792,                 1.6559,                0.87994,                    0.9,                0.91071,                0.85235,                0.40732,                0.37282,                 1.5398,             0.00090785,             0.00090785,             0.00090785
                     94,                 0.3457,                0.43443,                 1.5907,                0.87768,                    0.9,                0.91667,                0.85604,                  0.406,                0.34694,                 1.5068,              0.0008996,              0.0008996,              0.0008996
                     95,                0.37107,                0.44937,                 1.6955,                0.87898,                    0.9,                0.92045,                 0.8572,                0.39788,                0.35441,                 1.4866,             0.00089134,             0.00089134,             0.00089134
                     96,                0.31663,                0.42762,                  1.645,                 0.8868,                    0.9,                0.92045,                0.84979,                0.40647,                0.33697,                 1.4878,             0.00088309,             0.00088309,             0.00088309
                     97,                0.33353,                0.45783,                 1.6191,                0.89043,                    0.9,                 0.9375,                0.86441,                0.41459,                0.33044,                 1.4921,             0.00087484,             0.00087484,             0.00087484
                     98,                0.34897,                0.44097,                 1.6507,                0.88852,                    0.9,                0.87106,                0.81125,                0.39516,                0.32492,                 1.4957,             0.00086659,             0.00086659,             0.00086659
                     99,                0.35252,                0.42471,                 1.6196,                0.88721,                    0.9,                 0.8655,                0.81042,                0.40048,                0.33989,                 1.5256,             0.00085834,             0.00085834,             0.00085834
                    100,                0.33109,                0.42796,                 1.7014,                0.88631,                    0.9,                 0.8655,                0.80517,                0.40571,                0.35877,                 1.5538,             0.00085009,             0.00085009,             0.00085009
                    101,                0.30281,                0.41962,                 1.4714,                0.88416,                    0.9,                 0.8655,                 0.8053,                0.38624,                0.36292,                 1.5616,             0.00084184,             0.00084184,             0.00084184
                    102,                0.32199,                0.39164,                 1.5256,                0.88227,                    0.9,                  0.905,                0.85094,                0.36239,                 0.3597,                  1.573,             0.00083358,             0.00083358,             0.00083358
                    103,                0.36914,                0.42655,                 1.6489,                0.87811,                    0.9,                  0.905,                0.83888,                0.37606,                 0.3669,                 1.5568,             0.00082533,             0.00082533,             0.00082533
                    104,                0.31317,                0.41553,                 1.5542,                0.87842,                    0.9,                0.92045,                0.84807,                 0.3803,                0.35199,                 1.5481,             0.00081708,             0.00081708,             0.00081708
                    105,                0.33696,                0.41794,                 1.6977,                0.98832,                    0.9,                0.94045,                0.87719,                0.37263,                0.35255,                 1.5452,             0.00080883,             0.00080883,             0.00080883
                    106,                  0.317,                0.38049,                 1.5704,                0.96018,                    0.9,                0.93667,                0.86928,                0.38737,                0.37253,                  1.559,             0.00080058,             0.00080058,             0.00080058
                    107,                0.33293,                0.39795,                 1.6445,                0.89079,                    0.9,                0.93071,                0.85191,                0.40675,                0.39198,                 1.5533,             0.00079233,             0.00079233,             0.00079233
                    108,                0.34483,                0.38736,                 1.5137,                0.87311,                    0.9,                0.89881,                0.82372,                0.42395,                0.42855,                 1.5553,             0.00078407,             0.00078407,             0.00078407
                    109,                0.32791,                0.42435,                 1.5917,                0.87507,                    0.9,                0.87881,                0.80487,                0.42686,                0.42651,                 1.5532,             0.00077582,             0.00077582,             0.00077582
                    110,                 0.3423,                0.40858,                 1.6809,                0.87637,                    0.9,                0.87773,                0.80511,                0.42481,                0.42721,                 1.5334,             0.00076757,             0.00076757,             0.00076757
                    111,                0.33609,                0.38848,                 1.6013,                0.82249,                    0.9,                0.87346,                 0.8135,                0.40777,                0.41365,                 1.4904,             0.00075932,             0.00075932,             0.00075932
                    112,                 0.3595,                0.42171,                 1.5382,                0.81268,                    0.9,                0.80417,                0.75113,                0.38998,                 0.4172,                  1.433,             0.00075107,             0.00075107,             0.00075107
                    113,                0.31719,                0.38691,                 1.5086,                0.81194,                    0.9,                0.80417,                0.75113,                 0.3867,                0.43398,                 1.4328,             0.00074282,             0.00074282,             0.00074282
                    114,                0.32572,                0.40206,                  1.602,                0.81728,                    0.9,                0.86278,                0.80454,                0.38813,                0.45419,                 1.4611,             0.00073456,             0.00073456,             0.00073456
                    115,                 0.3451,                0.43816,                 1.8233,                0.76781,                    0.9,                0.73377,                0.69211,                0.39131,                0.55472,                 1.4917,             0.00072631,             0.00072631,             0.00072631
                    116,                0.32464,                0.40114,                 1.6473,                 0.7691,                    0.9,                0.73214,                0.69064,                0.39697,                0.60789,                 1.5396,             0.00071806,             0.00071806,             0.00071806
                    117,                0.30713,                 0.4092,                  1.679,                0.77028,                    0.9,                0.73188,                0.68868,                0.39656,                0.59362,                  1.543,             0.00070981,             0.00070981,             0.00070981
                    118,                0.31967,                0.40125,                 1.6098,                0.78439,                    0.9,                0.76974,                0.72275,                0.39198,                0.55311,                 1.5366,             0.00070156,             0.00070156,             0.00070156
                    119,                 0.3427,                0.39851,                 1.5328,                0.82752,                    0.9,                0.85121,                0.78425,                0.38803,                 0.5082,                 1.5304,             0.00069331,             0.00069331,             0.00069331
                    120,                0.33579,                0.39811,                 1.5612,                 0.8617,                    0.9,                0.85717,                0.79434,                0.38918,                0.46414,                 1.5329,             0.00068505,             0.00068505,             0.00068505
                    121,                0.30241,                0.40139,                 1.5535,                  0.858,                    0.9,                0.85717,                0.79827,                0.38774,                0.43519,                 1.5295,              0.0006768,              0.0006768,              0.0006768
                    122,                 0.3199,                0.42002,                 1.6042,                0.85291,                    0.9,                0.87667,                0.81633,                 0.3982,                0.40551,                 1.5097,             0.00066855,             0.00066855,             0.00066855
                    123,                0.31091,                0.42273,                 1.6435,                0.82954,                    0.9,                0.92045,                0.85174,                0.39807,                0.37275,                 1.4989,              0.0006603,              0.0006603,              0.0006603
                    124,                0.33343,                0.36974,                 1.5688,                 0.8526,                    0.9,                  0.925,                0.86385,                0.38872,                0.34879,                 1.5063,             0.00065205,             0.00065205,             0.00065205
                    125,                0.35913,                0.48198,                 1.6185,                0.87615,                    0.9,                0.91056,                0.85813,                0.38667,                0.34555,                 1.5055,              0.0006438,              0.0006438,              0.0006438
                    126,                0.36598,                0.44554,                 1.6328,                0.88909,                    0.9,                0.91056,                0.85963,                 0.3786,                0.34679,                 1.5017,             0.00063554,             0.00063554,             0.00063554
                    127,                0.32739,                0.40159,                 1.6536,                0.79407,                    0.9,                  0.845,                0.81692,                0.36863,                0.36813,                 1.4843,             0.00062729,             0.00062729,             0.00062729
                    128,                0.30658,                0.36317,                 1.6038,                0.76295,                    0.9,                 0.7786,                0.73749,                0.37005,                0.39998,                 1.4654,             0.00061904,             0.00061904,             0.00061904
                    129,                0.33922,                0.41116,                 1.5935,                0.76186,                    0.9,                0.77481,                0.72455,                 0.3772,                0.42609,                  1.459,             0.00061079,             0.00061079,             0.00061079
                    130,                0.34043,                0.42032,                 1.5514,                0.76247,                    0.9,                0.77481,                0.72325,                0.38364,                0.41872,                 1.4457,             0.00060254,             0.00060254,             0.00060254
                    131,                0.33608,                0.39695,                 1.6627,                0.76472,                    0.9,                0.77481,                0.73322,                0.37481,                0.40851,                 1.4403,             0.00059429,             0.00059429,             0.00059429
                    132,                0.32281,                0.40482,                 1.5716,                0.76427,                    0.9,                 0.8906,                0.83684,                0.37497,                0.37992,                 1.4355,             0.00058603,             0.00058603,             0.00058603
                    133,                0.28052,                0.36328,                 1.5643,                0.94964,                    0.8,                 0.8906,                0.84118,                0.37636,                0.37377,                 1.4334,             0.00057778,             0.00057778,             0.00057778
                    134,                0.31246,                0.40727,                 1.5709,                0.83798,                    0.9,                0.91071,                0.84878,                0.38396,                0.37119,                  1.439,             0.00056953,             0.00056953,             0.00056953
                    135,                0.32874,                0.39089,                 1.6128,                0.98605,                0.89332,                0.91423,                0.85726,                0.37489,                0.37652,                 1.4652,             0.00056128,             0.00056128,             0.00056128
                    136,                0.30987,                0.36891,                 1.6127,                0.95219,                    0.9,                0.91113,                0.86176,                 0.3608,                0.39239,                 1.4719,             0.00055303,             0.00055303,             0.00055303
                    137,                0.33474,                0.36186,                 1.5486,                0.95319,                    0.9,                0.90929,                0.85979,                0.36011,                0.39559,                 1.4663,             0.00054478,             0.00054478,             0.00054478
                    138,                0.34023,                0.39964,                 1.6696,                0.86027,                    0.9,                0.88971,                0.85441,                0.36328,                0.38801,                 1.4474,             0.00053652,             0.00053652,             0.00053652
                    139,                0.29908,                0.40235,                 1.4475,                0.86024,                    0.9,                0.89352,                 0.8562,                0.35777,                0.39931,                 1.4375,             0.00052827,             0.00052827,             0.00052827
                    140,                0.30864,                0.36347,                 1.5492,                0.97091,                    0.8,                0.89674,                 0.8573,                0.35692,                0.40447,                 1.4399,             0.00052002,             0.00052002,             0.00052002
                    141,                  0.311,                0.37589,                 1.4929,                0.96928,                    0.8,                0.88548,                0.84656,                0.35817,                0.40645,                 1.4424,             0.00051177,             0.00051177,             0.00051177
                    142,                0.34001,                0.40435,                 1.7104,                 0.9751,                    0.8,                0.90441,                0.85269,                0.36416,                0.38584,                 1.4515,             0.00050352,             0.00050352,             0.00050352
                    143,                0.31714,                0.36521,                 1.4844,                0.97107,                    0.9,                0.92833,                0.87586,                0.37128,                 0.3741,                  1.475,             0.00049527,             0.00049527,             0.00049527
                    144,                0.30555,                0.36664,                 1.5149,                0.94396,                    0.9,                0.93071,                0.87252,                0.37027,                 0.3894,                 1.5006,             0.00048701,             0.00048701,             0.00048701
                    145,                0.33204,                0.41591,                 1.6544,                0.93682,                    0.9,                0.93071,                0.88742,                0.36912,                0.39175,                 1.5066,             0.00047876,             0.00047876,             0.00047876
                    146,                0.32041,                0.40043,                 1.7733,                0.81749,                    0.9,                0.89071,                0.83403,                0.36366,                0.40532,                 1.5065,             0.00047051,             0.00047051,             0.00047051
                    147,                0.29976,                0.40728,                 1.5768,                0.79893,                    0.9,                0.83346,                0.78136,                0.36712,                0.42826,                 1.5087,             0.00046226,             0.00046226,             0.00046226
                    148,                0.33795,                0.42093,                 1.6221,                0.79952,                    0.9,                0.80096,                0.75828,                0.35683,                0.42351,                 1.5072,             0.00045401,             0.00045401,             0.00045401
                    149,                0.30605,                0.36999,                 1.6483,                 0.8045,                    0.9,                0.80096,                 0.7671,                0.35122,                0.41483,                  1.506,             0.00044576,             0.00044576,             0.00044576
                    150,                0.33319,                0.44203,                 1.6016,                0.81131,                    0.9,                0.83346,                0.79191,                0.35391,                0.41165,                 1.5048,              0.0004375,              0.0004375,              0.0004375
                    151,                0.30314,                0.36338,                 1.5192,                0.81285,                    0.9,                   0.87,                0.82756,                0.35423,                0.39471,                 1.4998,             0.00042925,             0.00042925,             0.00042925
                    152,                0.31097,                0.36895,                 1.4961,                0.81492,                    0.9,                0.89667,                0.85985,                0.35861,                0.38793,                 1.4881,               0.000421,               0.000421,               0.000421
                    153,                0.27857,                0.35425,                  1.423,                0.81011,                    0.9,                0.87833,                0.84178,                0.35671,                0.39107,                 1.4739,             0.00041275,             0.00041275,             0.00041275
                    154,                0.32453,                0.41824,                 1.6097,                0.81141,                0.89602,                0.85007,                0.82599,                 0.3538,                0.40662,                 1.4651,              0.0004045,              0.0004045,              0.0004045
                    155,                0.31814,                0.35672,                 1.5928,                0.76065,                0.89562,                0.75069,                0.72847,                0.36268,                0.43882,                 1.4586,             0.00039625,             0.00039625,             0.00039625
                    156,                0.34494,                0.44009,                 1.7799,                0.76146,                0.89724,                0.73164,                0.70329,                0.36515,                0.46635,                 1.4703,             0.00038799,             0.00038799,             0.00038799
                    157,                0.28845,                0.38831,                 1.6137,                0.76334,                    0.9,                0.74038,                0.71018,                0.36899,                0.47078,                 1.4779,             0.00037974,             0.00037974,             0.00037974
                    158,                 0.3096,                 0.3749,                 1.5828,                0.76756,                    0.9,                0.75314,                0.70212,                0.37358,                0.46985,                 1.4821,             0.00037149,             0.00037149,             0.00037149
                    159,                0.29749,                0.34816,                 1.5188,                0.81379,                    0.9,                0.78173,                0.72838,                0.38185,                0.46968,                 1.4934,             0.00036324,             0.00036324,             0.00036324
                    160,                0.31567,                0.39874,                 1.6512,                0.81293,                    0.9,                0.80453,                0.74815,                0.38127,                0.47324,                 1.4941,             0.00035499,             0.00035499,             0.00035499
                    161,                0.31991,                0.38806,                 1.6395,                0.81133,                    0.9,                0.79479,                0.74558,                0.37429,                 0.4725,                 1.4893,             0.00034674,             0.00034674,             0.00034674
                    162,                0.32208,                0.43057,                 1.5636,                0.77304,                    0.9,                0.79479,                0.74561,                0.36667,                  0.485,                  1.484,             0.00033848,             0.00033848,             0.00033848
                    163,                0.29098,                0.34157,                 1.5687,                0.76366,                    0.9,                0.83414,                0.78557,                0.36197,                0.48781,                 1.4797,             0.00033023,             0.00033023,             0.00033023
                    164,                0.33608,                0.38164,                 1.6822,                 0.7623,                    0.9,                0.81767,                0.77511,                0.36043,                0.50917,                 1.4768,             0.00032198,             0.00032198,             0.00032198
                    165,                0.31308,                0.38764,                 1.5532,                0.76037,                0.89796,                0.81429,                0.77467,                0.35827,                0.51315,                 1.4767,             0.00031373,             0.00031373,             0.00031373
                    166,                 0.2952,                0.34774,                   1.53,                 0.7551,                0.88942,                0.81406,                0.77197,                0.35855,                0.53202,                 1.4759,             0.00030548,             0.00030548,             0.00030548
                    167,                 0.3496,                0.40613,                 1.6525,                0.69074,                    0.9,                0.76623,                 0.7289,                0.35946,                0.53521,                 1.4661,             0.00029723,             0.00029723,             0.00029723
                    168,                0.26792,                  0.355,                 1.4579,                0.78395,                    0.8,                0.77604,                0.73805,                0.35749,                 0.5353,                 1.4728,             0.00028897,             0.00028897,             0.00028897
                    169,                0.29566,                0.36949,                 1.6313,                0.78126,                    0.8,                0.77623,                0.73824,                0.35831,                0.52476,                 1.4732,             0.00028072,             0.00028072,             0.00028072
                    170,                0.30012,                0.33943,                 1.6002,                0.80911,                0.89012,                    0.8,                0.75967,                0.35376,                0.49376,                 1.4597,             0.00027247,             0.00027247,             0.00027247
                    171,                0.31148,                0.35958,                 1.6175,                0.81224,                0.89107,                0.79988,                0.76239,                0.35213,                0.46844,                 1.4565,             0.00026422,             0.00026422,             0.00026422
                    172,                0.30154,                0.41032,                 1.5283,                0.81184,                0.89043,                0.83311,                0.78976,                0.35669,                0.45201,                 1.4488,             0.00025597,             0.00025597,             0.00025597
                    173,                0.30878,                0.35592,                 1.6467,                0.81205,                0.89282,                0.83311,                0.78976,                0.35705,                 0.4364,                 1.4453,             0.00024772,             0.00024772,             0.00024772
                    174,                0.28258,                0.35069,                    1.6,                 0.8096,                    0.9,                0.84917,                 0.8042,                0.35926,                0.41315,                 1.4423,             0.00023946,             0.00023946,             0.00023946
                    175,                0.30079,                0.37806,                 1.5969,                0.80501,                    0.9,                0.85095,                0.80343,                 0.3613,                0.40466,                 1.4449,             0.00023121,             0.00023121,             0.00023121
                    176,                0.31332,                 0.4082,                 1.6109,                0.80634,                    0.9,                0.85229,                0.80463,                0.36401,                0.40503,                 1.4482,             0.00022296,             0.00022296,             0.00022296
                    177,                0.27375,                0.36531,                 1.5408,                0.80813,                    0.9,                0.85333,                 0.8085,                0.36411,                0.40465,                 1.4531,             0.00021471,             0.00021471,             0.00021471
                    178,                0.27811,                0.33224,                 1.5592,                0.88459,                 0.8955,                0.89062,                0.83734,                0.36242,                0.40273,                 1.4594,             0.00020646,             0.00020646,             0.00020646
                    179,                0.30386,                0.36332,                 1.5963,                0.88301,                    0.9,                0.88929,                0.83645,                0.35922,                0.40019,                 1.4627,             0.00019821,             0.00019821,             0.00019821
                    180,                0.31113,                0.39748,                 1.5774,                0.88669,                 0.8945,                0.86816,                0.81996,                0.35748,                0.39982,                 1.4624,             0.00018995,             0.00018995,             0.00018995
                    181,                0.26358,                 0.3657,                  1.488,                0.88479,                    0.9,                0.84782,                 0.8007,                0.35648,                0.39345,                  1.463,              0.0001817,              0.0001817,              0.0001817
                    182,                0.31839,                 0.3518,                 1.5964,                0.86571,                    0.9,                 0.8672,                 0.8184,                 0.3586,                0.39605,                  1.465,             0.00017345,             0.00017345,             0.00017345
                    183,                0.27853,                0.33326,                 1.5459,                0.88205,                0.87965,                0.84816,                0.80175,                0.35435,                0.38776,                 1.4639,              0.0001652,              0.0001652,              0.0001652
                    184,                0.28955,                0.38018,                 1.5612,                0.81208,                    0.9,                0.82449,                0.77911,                0.35481,                0.38723,                 1.4618,             0.00015695,             0.00015695,             0.00015695
                    185,                0.27428,                 0.3307,                 1.5466,                0.81188,                    0.9,                0.82482,                0.77944,                0.35431,                0.38487,                 1.4605,              0.0001487,              0.0001487,              0.0001487
                    186,                0.31583,                 0.3682,                 1.6094,                0.87069,                    0.9,                 0.8469,                0.79987,                  0.354,                0.37297,                 1.4592,             0.00014044,             0.00014044,             0.00014044
                    187,                0.26574,                 0.3598,                 1.5426,                0.87468,                    0.9,                0.84663,                0.79962,                0.35035,                0.37215,                  1.462,             0.00013219,             0.00013219,             0.00013219
                    188,                0.26916,                0.34713,                 1.5627,                0.88334,                    0.9,                0.84636,                0.79941,                0.34733,                0.37061,                 1.4676,             0.00012394,             0.00012394,             0.00012394
                    189,                0.27844,                0.35511,                 1.5243,                0.88403,                    0.9,                0.83977,                0.79349,                0.34539,                0.36818,                 1.4707,             0.00011569,             0.00011569,             0.00011569
                    190,                0.31622,                0.37082,                 1.6731,                0.88543,                    0.9,                0.85988,                0.81259,                0.34412,                0.36215,                 1.4739,             0.00010744,             0.00010744,             0.00010744
                    191,                0.22369,                0.31748,                 1.2693,                0.88413,                    0.9,                0.86012,                0.81252,                 0.3438,                0.36638,                 1.4722,             9.9187e-05,             9.9187e-05,             9.9187e-05
                    192,                 0.2098,                0.29097,                 1.3568,                0.88345,                    0.9,                0.85967,                0.82103,                0.34468,                0.36748,                 1.4648,             9.0935e-05,             9.0935e-05,             9.0935e-05
                    193,                0.20616,                0.26378,                 1.2281,                0.88244,                    0.9,                0.83937,                0.80273,                0.34701,                0.37748,                 1.4598,             8.2683e-05,             8.2683e-05,             8.2683e-05
                    194,                0.22251,                0.25681,                 1.2891,                0.80039,                    0.9,                0.79133,                0.75619,                 0.3524,                0.39041,                 1.4401,             7.4432e-05,             7.4432e-05,             7.4432e-05
                    195,                0.23406,                 0.2732,                 1.3507,                0.80716,                0.89798,                0.81556,                 0.7828,                0.35509,                0.39697,                 1.4273,              6.618e-05,              6.618e-05,              6.618e-05
                    196,                0.21647,                  0.277,                  1.265,                0.80261,                0.88841,                0.81529,                0.78224,                0.36006,                0.40069,                 1.4226,             5.7928e-05,             5.7928e-05,             5.7928e-05
                    197,                0.20124,                0.25297,                 1.2743,                0.80204,                0.88782,                0.84023,                0.80468,                0.35897,                0.39833,                 1.4242,             4.9677e-05,             4.9677e-05,             4.9677e-05
                    198,                0.20728,                0.22755,                 1.2174,                0.80435,                0.89565,                   0.84,                0.80444,                0.35781,                0.39297,                 1.4293,             4.1425e-05,             4.1425e-05,             4.1425e-05
                    199,                 0.2033,                0.28388,                 1.2037,                0.80137,                    0.9,                 0.8398,                0.80424,                0.35803,                 0.3918,                 1.4345,             3.3173e-05,             3.3173e-05,             3.3173e-05
                    200,                0.23769,                0.24255,                 1.3049,                0.80517,                0.89797,                0.83958,                0.80433,                0.35985,                0.39606,                 1.4384,             2.4922e-05,             2.4922e-05,             2.4922e-05
